{
  "Some|people": 0.5,
  "people|like": 1,
  "like|to": 0.6666666666666666,
  "to|get": 0.041666666666666664,
  "get|a": 0.25,
  "a|train": 0.07692307692307693,
  "train|to": 1,
  "to|work,": 0.041666666666666664,
  "work,|Or": 1,
  "Or|drive": 1,
  "drive|in": 1,
  "in|a": 0.25,
  "a|Beamer": 0.07692307692307693,
  "Beamer|or": 1,
  "or|a": 1,
  "a|Merc.": 0.07692307692307693,
  "Merc.|Some": 1,
  "Some|guys": 0.5,
  "guys|like": 1,
  "to|travel": 0.041666666666666664,
  "travel|by": 1,
  "by|bus,": 0.3333333333333333,
  "bus,|But": 1,
  "But|I": 0.25,
  "I|can't": 0.125,
  "can't|be": 1,
  "be|bothered": 0.5,
  "bothered|with": 1,
  "with|the": 0.3333333333333333,
  "the|fuss": 0.025,
  "fuss|today,": 1,
  "today,|I'm": 1,
  "I'm|gonna": 0.5,
  "gonna|take": 1,
  "take|by": 1,
  "by|bike,": 0.3333333333333333,
  "bike,|'Cause": 1,
  "'Cause|once": 1,
  "once|again": 1,
  "again|the": 1,
  "the|Tube's": 0.025,
  "Tube's|on": 1,
  "on|strike.": 0.2,
  "strike.|": 1,
  "|The": 0.18181818181818182,
  "The|greedy": 0.09090909090909091,
  "greedy|bastards": 0.5,
  "bastards|want": 1,
  "want|extra": 0.25,
  "extra|pay": 1,
  "pay|for": 1,
  "for|sitting": 0.25,
  "sitting|on": 1,
  "on|their": 0.4,
  "their|ass": 0.5,
  "ass|all": 1,
  "all|day,": 0.08333333333333333,
  "day,|Even": 1,
  "Even|though": 1,
  "though|they": 1,
  "they|earn": 0.25,
  "earn|30k,": 1,
  "30k,|So": 1,
  "So|I'm": 0.2,
  "I'm|here": 0.5,
  "here|in": 1,
  "in|the": 0.75,
  "the|pouring": 0.025,
  "pouring|rain.": 1,
  "rain.|": 1,
  "|Where": 0.09090909090909091,
  "Where|the": 1,
  "the|fuck's": 0.025,
  "fuck's|my": 1,
  "my|fucking": 0.6666666666666666,
  "fucking|train?": 0.2,
  "train?|London": 1,
  "London|Underground,": 0.45454545454545453,
  "Underground,|London": 1,
  "London|Underground!": 0.45454545454545453,
  "Underground!|They're": 0.6,
  "They're|all": 1,
  "all|lazy": 0.08333333333333333,
  "lazy|fucking": 1,
  "fucking|useless": 0.4,
  "useless|cunts!": 1,
  "cunts!|London": 1,
  "all|greedy": 0.08333333333333333,
  "greedy|cunts;": 0.5,
  "cunts;|I": 1,
  "I|want": 0.375,
  "want|to": 0.5,
  "to|shoot": 0.08333333333333333,
  "shoot|them": 1,
  "them|all": 1,
  "all|with": 0.16666666666666666,
  "with|a": 0.6666666666666666,
  "a|rifle!": 0.15384615384615385,
  "rifle!|": 1,
  "|All": 0.09090909090909091,
  "All|they": 1,
  "they|say": 0.25,
  "say|is": 1,
  "is|'please": 0.3333333333333333,
  "'please|mind": 1,
  "mind|the": 1,
  "the|doors!'": 0.025,
  "doors!'|And": 1,
  "And|they": 0.09090909090909091,
  "they|learn": 0.25,
  "learn|that": 1,
  "that|on": 1,
  "their|two": 0.5,
  "two|day": 1,
  "day|course,": 0.25,
  "course,|This": 1,
  "This|job": 1,
  "job|can": 1,
  "can|be": 1,
  "be|done": 0.5,
  "done|by": 1,
  "by|a": 0.3333333333333333,
  "a|four": 0.07692307692307693,
  "four|year": 1,
  "year|old,": 1,
  "old,|They": 1,
  "They|just": 1,
  "just|leave": 0.25,
  "leave|us": 0.5,
  "us|freezing": 1,
  "freezing|in": 1,
  "the|cold.": 0.025,
  "cold.|": 1,
  "|What": 0.09090909090909091,
  "What|you": 1,
  "you|smell": 0.08333333333333333,
  "smell|is": 1,
  "is|what": 0.3333333333333333,
  "what|you": 0.5,
  "you|get.": 0.08333333333333333,
  "get.|Burger": 1,
  "Burger|King": 1,
  "King|and": 1,
  "and|piss": 0.2,
  "piss|and": 1,
  "and|sweat,": 0.2,
  "sweat,|You": 1,
  "You|roast": 1,
  "roast|to": 1,
  "to|death": 0.041666666666666664,
  "death|in": 1,
  "the|boiling": 0.025,
  "boiling|heat,": 1,
  "heat,|With": 1,
  "With|tourists": 1,
  "tourists|treading": 1,
  "treading|on": 1,
  "on|your": 0.2,
  "your|feet,": 0.3333333333333333,
  "feet,|And": 1,
  "And|chewing": 0.09090909090909091,
  "chewing|gum": 1,
  "gum|on": 1,
  "on|every": 0.2,
  "every|seat!": 0.5,
  "seat!|": 1,
  "|So": 0.09090909090909091,
  "So|don't": 0.4,
  "don't|tell": 0.25,
  "tell|me": 1,
  "me|to": 0.5,
  "to|mind": 0.041666666666666664,
  "the|gap!": 0.025,
  "gap!|I": 1,
  "want|my": 0.25,
  "fucking|money": 0.2,
  "money|back!": 1,
  "back!|London": 1,
  "all|fucking": 0.08333333333333333,
  "London|Undeground!": 0.09090909090909091,
  "Undeground!|They're": 1,
  "all|grredy": 0.08333333333333333,
  "grredy|cunts;": 1,
  "|lalalala": 0.09090909090909091,
  "lalalala|lalalala": 0.5,
  "lalalala|": 0.5,
  "The|floors": 0.09090909090909091,
  "floors|are": 1,
  "are|sticky,": 0.5,
  "sticky,|the": 1,
  "the|seats": 0.025,
  "seats|are": 1,
  "are|damp,": 0.5,
  "damp,|every": 1,
  "every|platform": 0.5,
  "platform|has": 1,
  "has|a": 1,
  "a|fucking": 0.07692307692307693,
  "fucking|tramp!": 0.2,
  "tramp!|But": 1,
  "But|the": 0.25,
  "the|drivers": 0.025,
  "drivers|get": 1,
  "get|the": 0.25,
  "the|day": 0.025,
  "day|off": 0.25,
  "off|when,": 1,
  "when,|We're": 1,
  "We're|all": 1,
  "all|late": 0.08333333333333333,
  "late|for": 1,
  "for|work": 0.25,
  "work|again!": 1,
  "again!|": 1,
  "|London": 0.09090909090909091,
  "Underground!|wa": 0.2,
  "wa|wa": 0.5,
  "wa|wankers,": 0.5,
  "wankers,|they're": 1,
  "they're|all": 1,
  "all|wankers!": 0.08333333333333333,
  "wankers!|London": 1,
  "Underground!|": 0.2,
  "|Take": 0.09090909090909091,
  "Take|your": 1,
  "your|Oyster": 0.3333333333333333,
  "Oyster|card,": 1,
  "card,|And": 1,
  "And|shove": 0.09090909090909091,
  "shove|it": 1,
  "it|up": 0.3333333333333333,
  "up|your": 0.16666666666666666,
  "your|ass...hole!": 0.3333333333333333,
  "ass...hole!|": 1,
  "|'Tell": 0.09090909090909091,
  "'Tell|me": 1,
  "me|the": 0.5,
  "the|duck": 0.175,
  "duck|story'": 0.07142857142857142,
  "story'|A": 1,
  "A|duck": 1,
  "duck|walked": 0.35714285714285715,
  "walked|up": 0.8333333333333334,
  "up|to": 0.8333333333333334,
  "to|a": 0.08333333333333333,
  "a|lemonade": 0.07692307692307693,
  "lemonade|stand": 0.8333333333333334,
  "stand|And": 1,
  "And|he": 0.45454545454545453,
  "he|said": 0.2631578947368421,
  "said|to": 0.8333333333333334,
  "to|the": 0.5,
  "the|man": 0.175,
  "man|runnin'": 0.45454545454545453,
  "runnin'|the": 1,
  "the|stand:": 0.125,
  "stand:|": 0.2,
  "|'Hey!": 0.09090909090909091,
  "'Hey!|Got": 1,
  "Got|any": 1,
  "any|grapes?'": 0.625,
  "grapes?'|The": 0.8,
  "The|man": 0.36363636363636365,
  "man|said:": 0.36363636363636365,
  "said:|'No,": 0.2,
  "'No,|we": 0.3333333333333333,
  "we|just": 1,
  "just|sell": 0.5,
  "sell|lemonade": 0.5,
  "lemonade|But": 0.16666666666666666,
  "But|it's": 0.25,
  "it's|cold,": 0.3333333333333333,
  "cold,|and": 1,
  "and|it's": 0.4,
  "it's|fresh,": 0.3333333333333333,
  "fresh,|and": 1,
  "it's|all": 0.3333333333333333,
  "all|home-made!": 0.08333333333333333,
  "home-made!|Can": 1,
  "Can|I": 1,
  "I|get": 0.125,
  "get|you": 0.25,
  "you|a": 0.08333333333333333,
  "a|glass?'": 0.07692307692307693,
  "glass?'|The": 1,
  "The|duck": 0.36363636363636365,
  "duck|said:": 0.35714285714285715,
  "said:|'I'll": 0.1,
  "'I'll|pass.'": 1,
  "pass.'|Then": 1,
  "Then|he": 1,
  "he|waddled": 0.6842105263157895,
  "waddled|away": 1,
  "away|-": 1,
  "-|waddle": 0.8666666666666667,
  "waddle|waddle": 0.5714285714285714,
  "waddle|'Til": 0.14285714285714285,
  "'Til|the": 1,
  "the|very": 0.1,
  "very|next": 1,
  "next|day...": 1,
  "day...|'": 0.25,
  "'|bom": 0.5,
  "bom|bom": 0.8,
  "bom|babom": 0.2,
  "babom|'": 1,
  "'|When": 0.5,
  "When|the": 1,
  "the|lemonade": 0.1,
  "stand:|'Hey!": 0.8,
  "'No,|like": 0.3333333333333333,
  "like|I": 0.3333333333333333,
  "I|said": 0.125,
  "said|yesterday": 0.16666666666666666,
  "yesterday|We": 1,
  "We|just": 1,
  "sell|lemonade,": 0.5,
  "lemonade,|okey?": 1,
  "okey?|Why": 1,
  "Why|not": 1,
  "not|give": 1,
  "give|it": 1,
  "it|a": 0.6666666666666666,
  "a|try?'": 0.07692307692307693,
  "try?'|The": 1,
  "said:|'Good": 0.1,
  "'Good|bye.'": 1,
  "bye.'|Then": 1,
  "waddle|Then": 0.2857142857142857,
  "day...|When": 0.75,
  "said:|'Look,": 0.1,
  "'Look,|this": 1,
  "this|is": 0.25,
  "is|gettin'": 0.3333333333333333,
  "gettin'|old.": 1,
  "old.|I": 1,
  "I|mean,": 0.125,
  "mean,|lemonade's": 1,