{
  "Prepare,|prepare": 0.125,
  "prepare|the": 0.5,
  "the|iron": 0.023255813953488372,
  "iron|helm": 1,
  "helm|of": 1,
  "of|war,": 0.047619047619047616,
  "war,|Bring": 1,
  "Bring|forth": 1,
  "forth|the": 1,
  "the|lots,": 0.023255813953488372,
  "lots,|cast": 1,
  "cast|in": 1,
  "in|the": 0.26666666666666666,
  "the|spacious": 0.023255813953488372,
  "spacious|orb;": 1,
  "orb;|Th'": 1,
  "Th'|Angel": 1,
  "Angel|of": 1,
  "of|Fate": 0.047619047619047616,
  "Fate|turns": 1,
  "turns|them": 1,
  "them|with": 0.3333333333333333,
  "with|mighty": 0.16666666666666666,
  "mighty|hands,": 1,
  "hands,|And": 1,
  "And|casts": 0.05555555555555555,
  "casts|them": 1,
  "them|out": 0.3333333333333333,
  "out|upon": 1,
  "upon|the": 1,
  "the|darken'd": 0.023255813953488372,
  "darken'd|earth!": 1,
  "earth!|Prepare,": 1,
  "Prepare,|prepare!": 0.75,
  "prepare!|": 0.75,
  "|Prepare": 0.09090909090909091,
  "Prepare|your": 0.75,
  "your|hearts": 0.08333333333333333,
  "hearts|for": 1,
  "for|Death's": 0.25,
  "Death's|cold": 1,
  "cold|hand!": 1,
  "hand!|prepare": 1,
  "prepare|Your": 0.5,
  "Your|souls": 0.5,
  "souls|for": 0.5,
  "for|flight,": 0.25,
  "flight,|your": 1,
  "your|bodies": 0.08333333333333333,
  "bodies|for": 1,
  "for|the": 0.25,
  "the|earth;": 0.023255813953488372,
  "earth;|Prepare": 1,
  "your|arms": 0.08333333333333333,
  "arms|for": 1,
  "for|glorious": 0.25,
  "glorious|victory;": 0.5,
  "victory;|Prepare": 1,
  "your|eyes": 0.08333333333333333,
  "eyes|to": 1,
  "to|meet": 0.18181818181818182,
  "meet|a": 0.5,
  "a|holy": 0.25,
  "holy|God!": 1,
  "God!|Prepare,": 1,
  "|Whose": 0.09090909090909091,
  "Whose|fatal": 1,
  "fatal|scroll": 1,
  "scroll|is": 1,
  "is|that?": 0.125,
  "that?|Methinks": 1,
  "Methinks|'tis": 1,
  "'tis|mine!": 1,
  "mine!|Why": 1,
  "Why|sinks": 1,
  "sinks|my": 1,
  "my|heart,": 0.5,
  "heart,|why": 1,
  "why|faltereth": 1,
  "faltereth|my": 1,
  "my|tongue?": 0.5,
  "tongue?|Had": 1,
  "Had|I": 1,
  "I|three": 1,
  "three|lives,": 1,
  "lives,|I'd": 1,
  "I'd|die": 1,
  "die|in": 0.3333333333333333,
  "in|such": 0.06666666666666667,
  "such|a": 1,
  "a|cause,": 0.25,
  "cause,|And": 1,
  "And|rise,": 0.05555555555555555,
  "rise,|with": 0.5,
  "with|ghosts,": 0.16666666666666666,
  "ghosts,|over": 1,
  "over|the": 1,
  "the|well-fought": 0.023255813953488372,
  "well-fought|field.": 1,
  "field.|Prepare,": 1,
  "|The": 0.09090909090909091,
  "The|arrows": 0.14285714285714285,
  "arrows|of": 0.3333333333333333,
  "of|Almighty": 0.047619047619047616,
  "Almighty|God": 1,
  "God|are": 1,
  "are|drawn!": 0.25,
  "drawn!|Angels": 1,
  "Angels|of": 1,
  "of|Death": 0.047619047619047616,
  "Death|stand": 1,
  "stand|in": 1,
  "the|louring": 0.023255813953488372,
  "louring|heavens!": 1,
  "heavens!|Thousands": 1,
  "Thousands|of": 1,
  "of|souls": 0.047619047619047616,
  "souls|must": 0.5,
  "must|seek": 0.5,
  "seek|the": 1,
  "the|realms": 0.023255813953488372,
  "realms|of": 1,
  "of|light,": 0.047619047619047616,
  "light,|And": 1,
  "And|walk": 0.05555555555555555,
  "walk|together": 1,
  "together|on": 1,
  "on|the": 1,
  "the|clouds": 0.023255813953488372,
  "clouds|of": 1,
  "of|heaven!": 0.047619047619047616,
  "heaven!|Prepare,": 1,
  "|Soldiers,": 0.09090909090909091,
  "Soldiers,|prepare!": 1,
  "prepare!|Our": 0.125,
  "Our|cause": 1,
  "cause|is": 1,
  "is|Heaven's": 0.125,
  "Heaven's|cause;": 1,
  "cause;|Soldiers,": 1,
  "prepare!|Be": 0.125,
  "Be|worthy": 1,
  "worthy|of": 1,
  "of|our": 0.047619047619047616,
  "our|cause:": 0.25,
  "cause:|Prepare": 1,
  "Prepare|to": 0.25,
  "meet|our": 0.5,
  "our|fathers": 0.25,
  "fathers|in": 1,
  "the|sky:": 0.023255813953488372,
  "sky:|Prepare,": 1,
  "Prepare,|O": 0.125,
  "O|troops,": 1,
  "troops,|that": 1,
  "that|are": 0.5,
  "are|to": 0.25,
  "to|fall": 0.09090909090909091,
  "fall|to-day!": 1,
  "to-day!|Prepare,": 1,
  "|Alfred": 0.09090909090909091,
  "Alfred|shall": 1,
  "shall|smile,": 0.3333333333333333,
  "smile,|and": 1,
  "and|make": 0.03225806451612903,
  "make|his": 1,
  "his|harp": 0.5,
  "harp|rejoice;": 1,
  "rejoice;|The": 1,
  "The|Norman": 0.14285714285714285,
  "Norman|William,": 1,
  "William,|and": 1,
  "and|the": 0.16129032258064516,
  "the|learnèd": 0.023255813953488372,
  "learnèd|Clerk,": 1,
  "Clerk,|And": 1,
  "And|Lion": 0.05555555555555555,
  "Lion|Heart,": 1,
  "Heart,|and": 1,
  "and|black-brow'd": 0.03225806451612903,
  "black-brow'd|Edward,": 1,
  "Edward,|with": 1,
  "with|His": 0.16666666666666666,
  "His|loyal": 1,
  "loyal|queen,": 1,
  "queen,|shall": 1,
  "shall|rise,": 0.3333333333333333,
  "rise,|and": 0.5,
  "and|welcome": 0.03225806451612903,
  "welcome|us!": 1,
  "us!|Prepare,": 1,
  "|Today": 0.09090909090909091,
  "Today|we": 1,
  "we|have": 0.8571428571428571,
  "have|naming": 0.36363636363636365,
  "naming|of": 1,
  "of|parts.": 0.19047619047619047,
  "parts.|Yesterday": 0.25,
  "Yesterday|We": 1,
  "We|had": 0.3333333333333333,
  "had|daily": 1,
  "daily|cleaning.": 1,
  "cleaning.|And": 1,
  "And|tomorrow": 0.05555555555555555,
  "tomorrow|morning,": 1,
  "morning,|We": 1,
  "We|shall": 0.3333333333333333,
  "shall|have": 0.3333333333333333,
  "have|what": 0.09090909090909091,
  "what|to": 1,
  "to|do": 0.09090909090909091,
  "do|after": 0.3333333333333333,
  "after|firing.": 1,
  "firing.|But": 1,
  "But|today,": 1,
  "today,|Today": 1,
  "parts.|Japonica": 0.25,
  "Japonica|Glistens": 1,
  "Glistens|like": 1,
  "like|coral": 0.5,
  "coral|in": 1,
  "in|all": 0.13333333333333333,
  "all|of": 0.6666666666666666,
  "of|the": 0.14285714285714285,
  "the|neighbouring": 0.023255813953488372,
  "neighbouring|gardens,": 1,
  "gardens,|And": 1,
  "And|today": 0.05555555555555555,
  "today|we": 0.6666666666666666,
  "parts.|": 0.5,
  "|This": 0.18181818181818182,
  "This|is": 1,
  "is|the": 0.5,
  "the|lower": 0.023255813953488372,
  "lower|sling": 1,
  "sling|swivel.": 0.5,
  "swivel.|And": 1,
  "And|this": 0.16666666666666666,
  "this|Is": 0.2857142857142857,
  "Is|the": 0.5,
  "the|upper": 0.023255813953488372,
  "upper|sling": 1,
  "sling|swivel,": 0.5,
  "swivel,|whose": 0.5,
  "whose|use": 1,
  "use|you": 1,
  "you|will": 0.09090909090909091,
  "will|see,": 0.16666666666666666,
  "see,|When": 1,
  "When|you": 1,
  "you|are": 0.09090909090909091,
  "are|given": 0.25,
  "given|your": 1,
  "your|slings.": 0.08333333333333333,
  "slings.|And": 1,
  "this|is": 0.14285714285714285,
  "the|piling": 0.023255813953488372,
  "piling|swivel,": 1,
  "swivel,|Which": 0.5,
  "Which|in": 1,
  "in|your": 0.2,
  "your|case": 0.08333333333333333,
  "case|you": 0.3333333333333333,
  "you|have": 0.2727272727272727,
  "have|not": 0.2727272727272727,
  "not|got.": 0.5,
  "got.|The": 0.5,
  "The|branches": 0.14285714285714285,
  "branches|Hold": 1,
  "Hold|in": 1,
  "the|gardens": 0.046511627906976744,
  "gardens|their": 0.5,
  "their|silent,": 0.5,
  "silent,|eloquent": 1,
  "eloquent|gestures,": 1,
  "gestures,|Which": 1,
  "in|our": 0.13333333333333333,
  "our|case": 0.5,
  "case|we": 0.6666666666666666,
  "got.|": 0.5,
  "the|safety-catch,": 0.023255813953488372,
  "safety-catch,|which": 1,
  "which|is": 1,
  "is|always": 0.125,
  "always|released": 1,
  "released|With": 1,
  "With|an": 0.3333333333333333,
  "an|easy": 1,
  "easy|flick": 0.3333333333333333,
  "flick|of": 1,
  "the|thumb.": 0.023255813953488372,
  "thumb.|And": 0.5,
  "And|please": 0.05555555555555555,
  "please|do": 1,
  "do|not": 0.3333333333333333,
  "not|let": 0.25,
  "let|me": 1,
  "me|See": 1,
  "See|anyone": 1,
  "anyone|using": 0.5,
  "using|his": 0.5,
  "his|finger.": 0.5,
  "finger.|You": 0.5,
  "You|can": 0.5,
  "can|do": 0.3333333333333333,
  "do|it": 0.3333333333333333,
  "it|quite": 0.25,
  "quite|easy": 1,
  "easy|If": 0.6666666666666666,
  "If|you": 0.6666666666666666,
  "have|any": 0.18181818181818182,
  "any|strength": 1,
  "strength|in": 1,
  "your|thumb.": 0.08333333333333333,
  "thumb.|The": 0.5,